日期,来源,类别,关键词,标题,摘要,链接
2026-09-20 22:31:00,东方财富·证券时报网,行业,医药,上海国投公司投资生物医药领域金额超300亿元 投早投小比例约70%,在近日举行的上海国投生物医药产业生态大会上，上海国投公司副总裁陆雯表示，作为聚焦三大先导产业和未来产业投资布局的国有资本投资运营平台，上海国投公司在生物医药领域通过股权直投和子基金布局，投资金额超300亿元，投早投小比例约70%。,http://finance.eastmoney.com/a/202609203879461562.html
2026-09-20 22:23:00,东方财富·科创板日报,行业,医药,200亿元湖北社保科创基金正式投入运营，三只子基金全部落地,其投资方向覆盖新一代信息技术、生物医药、新材料、新能源、智能制造、汽车零部件等战略性新兴产业。 　　武汉江城科创基金的GP之一湖北国芯产业投资管理，则有较强的集成电路产业背景。据悉，湖北国芯是长存基金的管理机构之一，相关基金重点布局存储产业链。,http://finance.eastmoney.com/a/202609203879461476.html
2026-09-20 22:20:20,东方财富·深圳商报·读创,行业,医药,健友股份上半年净利降超三成 业绩说明会上库存情况、扩建产线、股价走弱等话题被追问,其次，我们持续关注股价表现，理解市场逻辑，也期待认同公司、热爱医药行业、看好中国药企发展的股东，与公司携手前行。 　　有投资者关心：公司原料药业务是主动收缩还是被动退出呢？如果有不错的现金流，以及盈利，保留一定的原料药也是不错选择吧。,http://finance.eastmoney.com/a/202609203879459776.html
2026-09-20 22:19:40,东方财富·证券时报,行业,医药,明日上午 重要发布会！,《规划》提出，到2030年，生物医药研发应用稳居世界前列，创新驱动效能充分释放，重点领域关键核心技术实现系统性突破，生物医药产业加速成为国家新兴支柱产业。,http://finance.eastmoney.com/a/202609203879461717.html
2026-09-20 22:11:30,东方财富·上观新闻,行业,医药,中国创新药对外授权已占半壁江山 全球资本开始抢订上海早期药,资本是最诚实的，上海生物医药产业的早期项目，成了被全球资本抢购的“果园”。 　　本届张江药谷大会暨上海国际生物医药产业周上，和黄医药成为被反复提起的案例。9月3日，和黄医药把尚处临床前的平台项目授权给葛兰素史克，拿下1.1亿美元首付款，后续里程碑款最高可达12.95亿美元。,http://finance.eastmoney.com/a/202609203879457350.html
2026-09-20 21:58:59,东方财富·新华财经,行业,医药,【财经分析】科创债ETF持续吸金 信用债“新赛道”配置窗口开启,就产品设计来看，科创债ETF跟踪的指数主要筛选符合国家科创认定标准企业发行的债券，发行人覆盖高端装备、生物医药、新一代信息技术、新材料等硬科技赛道，以央企、地方重点科创国企等高等级主体为主，在信用债品类中具备鲜明的主题属性。,http://bond.eastmoney.com/a/202609203879455281.html
2026-09-20 21:36:57,东方财富·新华财经,行业,医药,公募打新获配超338亿元 电子行业个股占比过半,此外，公募机构还参与到公用事业、电力设备、国防军工、医药生物和汽车行业个股的网下打新，相关获配金额均不低于11亿元。 　　从机构层面看，头部公募打新的积极性尤为突出。41家公募机构今年以来的打新获配金额均不低于1亿元，其中10家超过10亿元。,http://finance.eastmoney.com/a/202609203879447476.html
2026-09-20 21:26:17,东方财富·新华财经,行业,医药,生物医药创新成果兑现  资本市场韧性凸显,生物医药行业的市场表现，构成观察资本市场韧性的一个具体切面。 　　政策与资本协同夯实医药创新底座 　　国内医药产业正迎来政策持续加持的发展机遇。9月18日，工信部、国家发改委等十部门联合印发《医药工业发展“十五五”规划》。,http://finance.eastmoney.com/a/202609203879444443.html
2026-09-20 21:14:29,东方财富·上观新闻,行业,医药,北京加速打造世界级生物医药产业集群，12个医药健康产业重点项目公布,作为北京医药健康产业的重要承载区，北京亦庄已集聚医药健康相关企业近5500家，覆盖创新药、细胞与基因治疗、新型疫苗、高端医疗装备和第三方服务平台等产业链环节。此次落地北京亦庄的重点项目涉及创新药、高端医疗器械和医药服务等多个方向。,http://finance.eastmoney.com/a/202609203879442714.html
2026-09-20 21:11:00,东方财富·券商中国,行业,医药,周末，利好来了！北京，重磅发文,完善知识产权协同保护体系，加强前沿技术领域知识产权保护，畅通侵权纠纷行政裁决绿色通道，提升人工智能、生物医药等领域海外知识产权维权能力。 　　深入破除市场准入壁垒，严格落实市场准入负面清单管理制度，完善市场准入效能评估体系。,http://finance.eastmoney.com/a/202609203879443712.html
2026-09-20 20:56:25,东方财富·新华财经,行业,医药,一周要闻丨全球市场本周回顾与下周展望,·市场要闻 　　·国务院总理李强9月18日主持召开国务院常务会议，听取老龄工作情况汇报，研究推动体育赛事健康发展有关工作，部署实施医疗康复护理扩容提升工程，审议通过《中医药传统知识保护条例（草案）》，讨论《〈中华人民共和国突发事件应对法〉等15部法律的修正案（草案）》。,http://finance.eastmoney.com/a/202609203879450545.html
2026-09-20 20:47:00,东方财富·21世纪经济报道,行业,医药,药捷安康的“窄门”：一款后线药，能否撑起一家药企的野心？,9月18日，十部门联合印发《医药工业发展“十五五”规划》，明确提出到2030年创新药产业规模年均增速不低于20%，首创新药（FIC，First-In-Class）占全球比例不低于25%，并培育5个全球年销售额超10亿美元的重磅品种。,http://finance.eastmoney.com/a/202609203879439734.html
2026-09-20 20:35:19,东方财富·经济参考网,行业,医药,力箭一号遥十八运载火箭圆满完成“一箭9星”发射,中科宇航表示，将继续携手AI、生物医药等多领域伙伴，以大运力、高密度、航班化的发射服务，为空天算力等新兴产业基础设施建设提供坚实支撑。,http://finance.eastmoney.com/a/202609203879454764.html
2026-09-20 20:34:17,东方财富·财联社,行业,医药,一周六箭！政策利好密集释放，商业航天迈向高密度发射新阶段,力箭一号运载火箭副总师孙良杰表示，中科宇航将继续携手AI、生物医药等多领域伙伴，探索商业航天与新兴产业融合的更多可能，以大运力、高密度、航班化的发射服务，为空天算力等新兴产业基础设施建设提供坚实支撑。,http://finance.eastmoney.com/a/202609203879436364.html
2026-09-20 20:19:08,东方财富·上海证券报·中国证券网,行业,医药,广州南沙湾区创新港·全球青年人才创新创业基地揭牌,基地聚焦人工智能、生物医药与生命健康、新材料与先进复合材料、数字创意与游戏动漫等前沿赛道，面向境内外高校学生、初创硬科技项目开放。运营上，基地提供精装拎包入驻办公空间，配套共享会议室、路演厅和空中花园；给予专项算力支持；提供从启动资金、大赛落地奖励到融资奖励的全周期资金助力。,http://finance.eastmoney.com/a/202609203879441966.html
2026-09-20 20:15:17,东方财富·财联社,行业,医药,订单热、营收温、利润冷，CXO行业的“三级温差”还要持续多久？,“目前，国内新药研发保持高热度，小核酸、大环肽、XDC、自免、CNS等领域持续活跃，这与睿智医药相关技术积累和服务能力的匹配度较高。”睿智医药亦如此对财联社记者透露。 　　药明康德管理层也观察到了类似变化。,http://finance.eastmoney.com/a/202609203879432789.html
2026-09-20 20:10:23,东方财富·每日经济新闻,行业,医药,京新药业A股上市超20年后二度冲刺港交所，曾因研发费用列支不当等问题遭税务部门处罚,此外，医药行业的研发费用及销售费用归集一直受到外界重点关注。招股书显示，报告期内，京新药业保持了相对较高水平的费用支出，公司的研发成本（主要由员工薪酬、物料测试及水电开支、临床试验开支构成）分别为4.01亿元、3.83亿元、3.68亿元及1.65亿元。,http://finance.eastmoney.com/a/202609203879432322.html
2026-09-20 20:06:26,东方财富·第一财经,行业,医药,“带病体”保险研发进入新阶段，上海这一年做了什么,一年前，上海市金融监管局、市医保局、市卫健委等7部门发布的《关于促进商业健康保险高质量发展助力生物医药产业创新的若干措施》提出，升级卫生健康数据共享功能。,http://insurance.eastmoney.com/a/202609203879435667.html
2026-09-20 20:02:44,东方财富·财联社,行业,医药,创新药BD繁荣背后：里程碑付款兑现几何？“交卷能力”决定下一轮分化,上海生物医药基金合伙人、上海生物医药创新转化基金总裁郭秋杉在会上发表演讲，并接受财联社记者采访，他认为中国生物医药产业正处于分化、重组与竞速的关键阶段。 　　BD交易关注点变化下个十年怎么走？,http://finance.eastmoney.com/a/202609203879436273.html
2026-09-20 20:01:00,东方财富·财联社,行业,医药,积极把握年内最后的进攻窗口？十大券商策略来了,配置上建议优先关注三季报高景气的AI产业链，以及非AI领域的细分α（医药、航运、船舶、出口链个别环节等）。对于红利板块，目前仍有胜率但赔率不如630了，当前位置的配置性价比有所收敛。,http://finance.eastmoney.com/a/202609203879436177.html
2026-09-20 19:56:54,东方财富·中国证券报·中证金牛座,行业,医药,公募逾338亿元参与59只新股打新，聚焦电子等科技方向,另外，公募参与机械设备、公用事业、电力设备、国防军工、医药生物和汽车行业个股网下打新获配金额也位居前列。,http://finance.eastmoney.com/a/202609203879433119.html
2026-09-20 19:52:32,东方财富·每日经济新闻,行业,医药,“创投大佬”龚虹嘉收警示函背后：中源协和华东总部已退租，“只投大健康”胜算几何？,最近十多年，龚虹嘉的投资视线转向生物医药。2015年前后，他通过旗下嘉道功程基金，天使投资肿瘤基因检测企业泛生子。这是他在医药领域可查的较早的出手。 　　两年后，龚虹嘉与A股上市公司中源协和开始产生交集。,http://finance.eastmoney.com/a/202609203879429760.html
2026-09-20 19:51:00,东方财富·南方都市报,行业,医药,蓝芩喉糖商标被质疑易误会指代原料续：监管部门已介入核查,对于蓝芩喉糖被质疑“虚假宣传”的情况，9月20日，泰州医药高新技术产业开发区（泰州市高港区）市场监督管理局方面向南都记者表示，“现正在依法开展线索核查工作。”,http://biz.eastmoney.com/a/202609203879456081.html
2026-09-20 19:43:23,东方财富·上海证券报·中国证券网,行业,医药,楚天科技入选全国首批国家新兴产业发展示范基地企业,据介绍，楚天科技聚焦生物医药高端制造装备，是生物制造装备领域标杆企业，可提供制药工艺装备一体化整体解决方案，围绕制药生产全流程推动装备智能化、自动化升级，搭建完备研发创新体系，持续开展关键工艺与装备技术攻关，助力我国生物医药产业链国产化进程，公司同时坚持产学研联动，紧跟生物医药行业发展趋势迭代产品,http://finance.eastmoney.com/a/202609203879427412.html
2026-09-20 19:43:00,东方财富·南方财经网,行业,医药,通用技术中国医药与北京清华长庚医院签署合作备忘录,南方财经9月20日电，9月18日，通用技术中国医药与清华大学附属北京清华长庚医院举行合作备忘录签约仪式。双方立足昌平区区域医疗布局与医院发展规划，聚焦医工成果转化、智慧医院建设、AI赋能医疗体系等合作方向。,http://biz.eastmoney.com/a/202609203879428992.html
2026-09-20 19:38:38,东方财富·21世纪经济报道,行业,医药,1100亿美元出海潮下，跨国药企竞逐慢病与罕见病赛道,从石药集团185亿美元的“天价”平台合作，到恒瑞医药高达152亿美元的共同开发协议，中国创新药正以前所未有的速度嵌入全球医药价值链。当BD交易从“卖权益”走向“建生态”，一个更深层的转变正在发生：跨国药企与中国本土创新的关系，已从简单的产品引进升级为科学能力的双向赋能。,http://finance.eastmoney.com/a/202609203879427986.html
2026-09-20 19:35:00,东方财富·老狼财经,行业,医药,港股通大换血：三大新兴赛道加强,1 三大新兴赛道扩容 　　生物医药板块调入公司数量最多。合计超过15家，包含丹诺医药-B、瑞博生物-B、英派药业-B、基石药业-B、复宏汉霖、歌礼制药-B等多家创新药企，覆盖小分子创新药、生物药、RNA药物等前沿细分领域。 　　信息技术板块覆盖全产业链。,http://finance.eastmoney.com/a/202609203879427021.html
2026-09-20 19:29:41,东方财富·红星资本局,行业,医药,美迪西子公司被诉违约遭索赔1.59亿元，一审判赔15万！鸿绪生物：正沟通上诉,9月18日晚，美迪西公告称，近日收到一审判决，法院判决美迪西普亚医药科技（上海）有限公司（简称“美迪西普亚”）向鸿绪生物医药科技（北京）有限公司（简称“鸿绪生物”）赔付款项共计15.06万元，驳回鸿绪生物其他诉讼请求。同时，法院裁定准许美迪西普亚撤回反诉请求。,http://finance.eastmoney.com/a/202609203879426324.html
2026-09-20 19:22:58,东方财富·央广财经,行业,医药,从沪市医药行业看资本市场韧性支撑,要回答这一问题，不妨以生物医药产业一窥究竟。,http://finance.eastmoney.com/a/202609203879425065.html
2026-09-20 19:16:00,东方财富·证券时报网,行业,医药,追高浮亏38%！公募参与定增不能患上“踏空焦虑”,展望后市机遇，财通基金指出，将重点关注泛AI、TMT、先进制造（电子、机械设备）、医药生物等契合新质生产力方向且行业景气度向上的领域，同时挖掘配套融资类项目中的“价值洼地”。,http://finance.eastmoney.com/a/202609203879425384.html
2026-09-20 19:11:42,东方财富·第一财经,行业,医药,蹭热点还是真AI，资本开始追问药企何时能盈利,在日前举行的2026张江药谷大会暨上海国际生物医药产业周——“资本聚势·生态共筑”上海国投生物医药产业生态大会的圆桌环节，上海未来产业基金投资总监李春园说，在AI与生物医药深度融合已成共识的当下，行业必须直面几个痛点：技术如何去伪存真、落地如何步步为营、价值如何被资本真正认可。,http://finance.eastmoney.com/a/202609203879423534.html
2026-09-20 19:03:46,东方财富·每日经济新闻,行业,医药,一个西班牙巨头，一个国货龙头，国内外美妆大厂为何都盯上皮肤科学赛道？,2025年9月，百雀羚旗下百雀羚生物医药官宣与益丰大药房签署战略合作；2026年1月，珀莱雅官宣与医药零售连锁企业一心堂战略合作。 　　随着更多国货品牌加入战场，外资品牌虽在其他成熟市场有更多经验，品牌拥有更多科研沉淀，但也面临更多压力。,http://finance.eastmoney.com/a/202609203879423271.html
2026-09-20 19:00:15,东方财富·开源证券,行业,医药,开源策略：加息落地 A股利多还是利空？,再平衡方向：（1）继续重点推荐小微盘，关注中证2000和万得微盘股；（2）净利润增速超预期行业：电子、国防军工、计算机、石油石化、有色金属、非银金融；（3）行业再平衡关注：有色、基础化工、新能源、农业、医药，及造船等部分中游制造；（4）银行、公用事业、电力等高股息在高波市场中的风险收益比,http://finance.eastmoney.com/a/202609203879415837.html
2026-09-20 18:59:00,东方财富·证券日报,行业,医药,博济医药：关于道远天使股权投资基金相关事项变更并完成工商变更登记的公告,证券日报网讯9月20日，博济医药发布公告称，公司全资子公司广东广济投资有限公司参与投资的道远天使股权投资基金近日完成工商变更登记。,http://finance.eastmoney.com/a/202609203879417612.html
2026-09-20 18:44:00,东方财富·证券日报,行业,医药,富祥股份预计前三季度扭亏为盈 电解液添加剂景气度持续上行,依托二十余年医药发酵与合成技术积淀，富祥股份构建医药制造、新能源锂电电解液添加剂、合成生物三大业务板块协同发展的产业格局。,http://finance.eastmoney.com/a/202609203879426196.html
2026-09-20 18:33:00,东方财富·数据宝,行业,医药,融资客积极关注5股（附名单）,分行业来看，医药生物融资净偿还额居首，为21.40亿元；紧随其后的是计算机和有色金属，净偿还额均在10亿元以上。建筑材料融资净买入居首，净买入额12.99亿元；通信、基础化工净买入额依次为3.01亿元、2.80亿元。,http://finance.eastmoney.com/a/202609203879415292.html
2026-09-20 18:29:00,东方财富·证券日报,行业,医药,沪市医药公司推动产业迭代升级 资本市场韧性筑牢创新根基,要回答这一问题，不妨以生物医药产业一窥究竟。,http://finance.eastmoney.com/a/202609203879451616.html
2026-09-20 18:25:27,东方财富·中国证券报·中证金牛座,行业,医药,市场监管总局：将进一步加强数据、算法、规则、流量等监管，压实平台企业“守门人”责任,提升药品安全保障水平，完善药品安全责任体系，支持医药产业创新发展。强化工业产品源头治理，加强质量风险监测和监督抽查，提高线上线下监管一致性。实施特种设备全生命周期监管，提升本质安全水平，确保安全状况总体平稳可控。 　　六是提升监管执法效能。,http://finance.eastmoney.com/a/202609203879441471.html
2026-09-20 18:20:23,东方财富·招商证券,行业,医药,招商策略：变盘节点 积极布局,融资资金净买入电子、电力设备、建筑材料、机械设备等，净卖出医药生物、国防军工、汽车等。重要股东净减持规模缩小，计划减持规模下降。 　　【主题·风向】高端化升级重塑电子布供需格局。AI服务器需求快速增长，PCB逐渐向多层、高速方向演进，推动电子布需求结构发生变化。,http://finance.eastmoney.com/a/202609203879408397.html
2026-09-20 18:17:19,东方财富·界面新闻,行业,医药,新时空：人民币柜台拟纳入港股通，海清智元周涨超七成,周五，金斯瑞生物科技公告拟配售7712.6万股新股份，净筹约23.27亿港元；恒瑞医药1类创新药海曲泊帕乙醇胺片获批新增两项适应症。恒生生物科技指数纳入德适-B、剔除和黄医药，变动于9月11日收市后实施、9月14日生效。,http://finance.eastmoney.com/a/202609203879411755.html
2026-09-20 18:02:57,东方财富·第一财经,行业,医药,商业秘密｜中国创新药企出海东南亚：机会是真的，难也是真的,近日，在2026张江药谷大会暨上海国际生物医药产业周上，上海医药国际业务事业部总经理严军这样表示。,http://finance.eastmoney.com/a/202609203879437941.html
2026-09-20 18:00:31,东方财富·光大证券,行业,医药,光大策略：外部扰动减弱 市场或将延续回升态势,方向三，有自下而上景气的其他板块，例如农林牧渔、医药、非银金融等，这些行业更多依靠自身基本面逻辑驱动而走出独立行情，不依赖宏观政策的强刺激，能够在市场震荡中提供一定的超额收益。,http://finance.eastmoney.com/a/202609203879407380.html
2026-09-20 17:56:35,东方财富·每日经济新闻,行业,医药,000756：周末披露连续斩获三张药品注册证书，涉及阿尔茨海默病等,阿尔茨海默病用药添新剂型 　　新华制药从事开发、制造和销售化学原料药、制剂、医药中间体及其他产品，是国内解热镇痛类原料药及制剂领域的龙头企业。,http://finance.eastmoney.com/a/202609203879409563.html
2026-09-20 17:52:25,东方财富·北京商报,行业,医药,多措并举优化营商环境 北京“十五五”打造国际一流“北京服务”,具体来看，要加快建设北京（京津冀）国际科技创新中心，推动区域科技创新和产业创新深度融合；推动建设一批共性技术平台，聚焦机器人、智能网联汽车、生物医药等重点领域，完善园区共建共治共享机制；推动京津冀企业开办、变更、注销规则和流程全面统一；加强法院、检察机关跨区域司法协同工作机制；围绕人口流动,http://finance.eastmoney.com/a/202609203879453342.html
2026-09-20 17:46:14,东方财富·21世纪经济报道,行业,医药,LPR已连续16个月不变；长鑫科技宣布第五代技术平台正式量产,方向一，硬科技赛道，聚焦半导体、AI、高端制造等具有核心技术壁垒与自主创新逻辑的领域；方向二，政策链，即沿着政策发力的重点方向进行布局，涵盖消费链、地产链、基建链以及各类细分领域；方向三，有自下而上景气的其他板块，例如农林牧渔、医药、非银金融等，这些行业更多依靠自身基本面逻辑驱动而走出独立行情,http://finance.eastmoney.com/a/202609203879404147.html
2026-09-20 17:43:00,东方财富·新京报,行业,医药,实探科技创变者大会：不看参数看复购，具身智能开始“算账”,未来复制到医药、物流仓储和泛制造场景时，真正复制的不是某一个动作，而是从数据到模型、从模型到部署、再从现场反馈回到训练的完整能力。 　　工业现场的标准，在成功率的定义上体现得最清楚。,http://finance.eastmoney.com/a/202609203879403711.html
2026-09-20 17:39:03,东方财富·新华财经,行业,医药,新华财经晚报：1—8月全社会用电量累计71730亿千瓦时 同比增长4.3%,·9月20日，国家药监局副局长杨胜在国新办发布会上表示，将支持医药产业规模化、集约化、高端化发展。鼓励医药企业建设智能工厂、绿色工厂，将继续支持京津冀、长三角、粤港澳大湾区、成渝双城经济圈等区域医药产业发展，着力培养3—5个具有国际竞争力的生物医药产业创新聚集地。,http://finance.eastmoney.com/a/202609203879401235.html
2026-09-20 17:39:00,东方财富·券商中国,行业,医药,AI巨头，爆雷！长鑫科技，重磅发布！上交所出手：暂停！本周申购“光”和“芯”，影响一周市场的十大消息,二级市场上，医药股18日盘中集体拉升，CRO、医疗服务、创新药、脑机接口等方向领涨。个股方面，瑞康医药直线涨停，泓博医药、百普赛斯、百克生物、成都先导、百奥赛图等纷纷大涨。,http://finance.eastmoney.com/a/202609203879403332.html
2026-09-20 17:37:10,东方财富·北京商报,行业,医药,一款失眠药撑起创新转型，京新药业“A+H”再闯关,医药行业分析师朱明军指出，目前进展最快的产品距离商业化还有相当长的路。研发强度不足，会直接削弱创新转型的后续动力。 　　就相关问题，北京商报记者致电京新药业，对方表示暂不方便接受采访。,http://finance.eastmoney.com/a/202609203879399710.html
2026-09-20 17:24:22,东方财富·21世纪经济报道,行业,医药,再签17亿元大单！老牌药企跨界算力，但要先花11亿采购服务器,上半年，康惠股份医药制造业务实现营业收入约1.08亿元，同比下降27.73%；医药流通业务收入约5622万元，同比下降38.76%。 　　就在两项传统业务同时收缩时，一项过去并不存在于公司主要业务结构中的收入开始出现。,http://finance.eastmoney.com/a/202609203879399437.html
2026-09-20 17:21:04,东方财富·中国新闻网,行业,生物医药,（活力中国）中国县域经济的湖北样板：特色集群激活产业动能,枝江化工新材料、大冶智能制造、宜都生物医药等特色产业，均在各个细分赛道站稳脚跟、形成规模、塑造品牌。 　　文旅领域，湖北深挖县域特色山水与人文底蕴，变生态文化资源为经济价值。,http://finance.eastmoney.com/a/202609203879397331.html
2026-09-20 16:39:55,东方财富·上观新闻,行业,生物医药,上实资本管理规模达345亿元，生物医药与绿色科技双赛道并进,本次大会议题集中在生物医药与绿色科技两条赛道，同期设置两场圆桌论坛和一场生物医药闭门会。 　　上实资本总裁谷峰在主题演讲中把公司布局归纳为“产、融、智”三个关键词。产，锚定赛道：依托上实集团两大主赛道构建双核基金矩阵，聚焦上海先导产业中的生物医药，以及绿色科技。,http://finance.eastmoney.com/a/202609203879389219.html
2026-09-20 16:31:19,东方财富·上观新闻,行业,生物医药,2026上半年中国创新药一级市场融资额年化增幅超四成,9月19日，2026张江药谷大会暨上海国际生物医药产业周在上海开幕。作为大会“资本”板块组成部分，由上实资本主办的上实资本生物医药投融资峰会同期举行，围绕生物医药投融资现状、跨境交易与人工智能赋能等议题展开讨论。,http://finance.eastmoney.com/a/202609203879384263.html
2026-09-20 16:12:23,东方财富·每日经济新闻,行业,生物医药,市场监管总局答每经问：“十五五”时期，将建设国家质检中心不少于30家，同时检验检测公共服务平台不少于300个,着力培养3~5个具有国际竞争力的生物医药产业集群 　　生物医药产业是战略性新兴产业，事关人民群众身体健康和生命安全。“十五五”时期，药监部门将如何推动医药产业创新和高质量发展？ 　　国家药监局副局长杨胜表示，医药创新的最终目的是让人民群众更快用上新药、好药。,http://finance.eastmoney.com/a/202609203879390265.html
2026-09-20 16:05:30,东方财富·华夏时报网,行业,生物医药,上半年亏损1.1亿元、核心抗体靠授权，易慕峰生物赴港IPO能过关吗？,公司从宝船生物医药科技（上海）有限公司获得VHH纳米抗体相关知识产权授权，该知识产权由三优生物医药（上海）有限公司拥有。据2022年协议及2026年三方协议，易慕峰需支付预付款、里程碑款和个位数销售提成；授权知识产权预计2040年到期，而公司自有CAR结构专利预计2043年到期。,http://finance.eastmoney.com/a/202609203879384033.html
2026-09-20 14:59:00,东方财富·南方财经网,行业,生物医药,北京：培育消费端生态 拓展词元应用场景,聚焦工业制造、科学研究、生物医药、教育教学等重点领域，开放智能体应用场景，带动形成一批代表性强的标杆应用项目，推广行业词元应用服务。构建智能体核心软件生态。,http://finance.eastmoney.com/a/202609203879354726.html
2026-09-20 14:58:50,东方财富·大河财立方,行业,生物医药,北京出台10条举措发展词元经济,聚焦工业制造、科学研究、生物医药、教育教学等重点领域，开放智能体应用场景，带动形成一批代表性强的标杆应用项目，推广行业词元应用服务。 　　6.构建智能体核心软件生态。,http://finance.eastmoney.com/a/202609203879354441.html
2026-09-20 14:58:40,东方财富·证券时报网,行业,生物医药,北京：培育消费端生态 拓展词元应用场景,聚焦工业制造、科学研究、生物医药、教育教学等重点领域，开放智能体应用场景，带动形成一批代表性强的标杆应用项目，推广行业词元应用服务。 　　构建智能体核心软件生态。,http://finance.eastmoney.com/a/202609203879351758.html
2026-09-20 14:46:00,东方财富·上海证券报·中国证券网,行业,生物医药,国家药监局：全力支持好创新药、创新医疗器械的发展,将继续支持京津冀、长三角、粤港澳大湾区、成渝双城经济圈等区域医药产业创新发展，着力培养3-5个具有国际竞争力的生物医药产业集群；将支持医药领域扩大对外开放合作，鼓励外资将原研药品和高端医疗装备引进境内生产，也鼓励中国企业“走出去”发展，让中国药品器械造福全世界。,http://finance.eastmoney.com/a/202609203879350117.html
2026-09-20 14:08:32,东方财富·中国基金报,行业,生物医药,综合整治“内卷式”竞争！两部门最新发声,鼓励医药企业建设智能工厂、绿色工厂，将继续支持京津冀、长三角、粤港澳大湾区、成渝双城经济圈等区域医药产业发展，着力培养3—5个具有国际竞争力的生物医药产业创新聚集地。,http://finance.eastmoney.com/a/202609203879343573.html
2026-09-20 14:03:35,东方财富·中国证券报·中证金牛座,行业,生物医药,国家药监局：着力培养3至5个具有国际竞争力生物医药产业集群,将继续支持京津冀、长三角、粤港澳大湾区、成渝双城经济圈等区域医药产业创新发展，着力培养3至5个具有国际竞争力的生物医药产业集群。 　　将支持医药领域扩大对外开放合作，鼓励外资将原研药品和高端医疗装备引进境内生产，也鼓励中国企业“走出去”发展，让中国药品器械造福全世界。,http://finance.eastmoney.com/a/202609203879341019.html
2026-09-20 13:47:00,东方财富·新京报,行业,生物医药,国家药监局：建立儿童药品、罕见病用药等领域市场独占期制度,“我们将继续支持京津冀、长三角、粤港澳大湾区、成渝双城经济圈等区域医药产业创新发展，着力培养3—5个具有国际竞争力的生物医药产业集群。”杨胜表示。,http://finance.eastmoney.com/a/202609203879341591.html
2026-09-20 13:43:11,东方财富·新华社,行业,生物医药,新一代同步辐射光源直线加速器成功出束,正式建成后，HALF将成为国际最先进的低能量区第四代同步辐射光源，和我国现有光源形成能区互补，为材料科学、生命科学、能源科学等前沿领域提供实验支撑平台，有望在高温超导、新能源电池、航空航天、生物医药、先进材料等领域发挥重要作用，助力国家科技创新和产业发展。,http://finance.eastmoney.com/a/202609203879335255.html
2026-09-20 13:22:10,东方财富·中国经营报,行业,生物医药,商务部：预计全年进口额将有望再创新高,洪涛认为，在培育“新三样”“新新三样”及未来产业出口新动能方面，需加码AI、生物医药、低空经济等领域的研发转化，推动汽车全产业链（含二手车、零部件）及高端装备建立国际营销服务体系，打造具有全球竞争力的“拳头产品”。,http://finance.eastmoney.com/a/202609203879332542.html
2026-09-20 13:15:04,东方财富·大河财立方,行业,生物医药,国家药监局：变“人等药”为“药等人”，让老百姓用上更多好药、放心药,国家药监局将继续支持京津冀、长三角、粤港澳大湾区、成渝双城经济圈等区域医药产业创新发展，着力培养3-5个具有国际竞争力的生物医药产业集群。将支持医药领域扩大对外开放合作，鼓励外资将原研药品和高端医疗装备引进境内生产，也鼓励中国企业“走出去”发展，让中国药品器械造福全世界。,http://finance.eastmoney.com/a/202609203879333182.html
2026-09-20 12:53:56,东方财富·第一财经,行业,生物医药,力箭一号运载火箭把“智算”送上太空，近期还将进行首次海上发射,此外，公司还将继续携手AI、生物医药等多领域伙伴，探索商业航天与新兴产业融合的更多可能。,http://finance.eastmoney.com/a/202609203879327258.html
2026-09-20 12:39:00,新浪财经·齐鲁晚报-齐鲁壹点,行业,医药,冲刺国内一流中医药大学，山东中医药大学举办高质量发展大会,9月19日，山东中医药大学举办国内一流中医药大学建设与大健康产业高质量发展大会。原卫生部部长高强在致辞中对学校办学成就给予充分肯定...,https://k.sina.com.cn/article_5328858693_13d9fee4502002isqw.html?from=pcsearch
2026-09-20 12:22:00,东方财富·证券时报,行业,生物医药,市场监管总局、国家药监局，最新发声！,鼓励医药企业建设智能工厂、绿色工厂，将继续支持京津冀、长三角、粤港澳大湾区、成渝双城经济圈等区域医药产业发展，着力培养3—5个具有国际竞争力的生物医药产业创新聚集地。,http://finance.eastmoney.com/a/202609203879313671.html
2026-09-20 12:19:03,新浪财经·红网,行业,医药,湖南省名中医程丑夫获“中华医药贡献”荣誉,致敬医者评选‌是由环球时报社、健康时报社、生命时报社共同主办的全国性医疗行业评选活动。105位（支）医者及团队入选“荣耀医者”榜单，分别获得“金柳叶刀奖”“中华医药贡献奖”“金牌团队奖”等奖项...,https://k.sina.com.cn/article_3363163410_c875cd12020020kwq.html?from=pcsearch
2026-09-20 11:47:24,东方财富·国际金融报,行业,生物医药,首届张江药谷大会在沪启幕，聚焦AI驱动与全球合作,9月17日至20日，2026张江药谷大会暨上海国际生物医药产业周在张江科学会堂举办。本届大会以“AI驱动创新，打造全球健康共同体”为主题，旨在汇聚全球创新资源，共同构建开放协同的生物医药产业创新生态。 　　今年大会首次以“张江药谷大会”全新名称亮相。,http://finance.eastmoney.com/a/202609203879353969.html
2026-09-20 11:46:05,东方财富·财联社,行业,生物医药,直击2026张江药谷大会：本土Biotech BD博弈升级,截至今年8月底，其旗下上海国投先导基金、上海未来产业基金、上海国资母基金三大母基金合计投资36个生物医药子基金，投资金额近100亿元，放大倍数约为6倍，为一大批还处于早期阶段的生物医药企业带来了资本赋能。,http://finance.eastmoney.com/a/202609203879305954.html
2026-09-20 11:07:09,东方财富·界面新闻,行业,生物医药,无锡徕特康连续完成A轮及A+轮融资,9月20日，据凯辉基金消息，创新生物医药公司无锡徕特康（Wuxi Latticon）连续完成A轮及A+轮融资。其中，A轮由凯辉基金领投、中金资本旗下中金诺思格基金跟投；A+轮由华盖资本领投、深创投和中金策跟投。融资将主要用于加快公司髓系细胞衔接技术的临床转化。,http://finance.eastmoney.com/a/202609203879300895.html
2026-09-20 10:56:44,东方财富·财联社,行业,生物医药,国家药监局：鼓励外资将原研药品和高端医疗装备引进境内生产,鼓励医药企业建设智能工厂、绿色工厂，将继续支持京津冀、长三角、粤港澳大湾区、成渝双城经济圈等区域医药产业发展，着力培养3—5个具有国际竞争力的生物医药产业创新聚集地。,http://finance.eastmoney.com/a/202609203879301934.html
2026-09-20 10:56:01,东方财富·人民财讯,行业,生物医药,国家药监局：鼓励外资将原研药品和高端医疗装备引进境内生产,鼓励医药企业建设智能工厂、绿色工厂，将继续支持京津冀、长三角、粤港澳大湾区、成渝双城经济圈等区域医药产业发展，着力培养3—5个具有国际竞争力的生物医药产业创新聚集地。,http://finance.eastmoney.com/a/202609203879299875.html
2026-09-20 10:23:00,东方财富·上海证券报·中国证券网,行业,生物医药,复旦大学许闲：保险与生物医药产业的协同将从“松散对接”走向“制度耦合”,复旦大学经济学院副院长、上海市保险学会副会长许闲在会上表示，上海商业保险赋能生物医药创新实践的多元竞争格局将更好地实现产品创新、服务差异化人群，赋能生物医药产业发展。保险与生物医药产业的协同将从“松散对接”走向“制度耦合”，“药险困境”的化解路径将在系统性探索中逐步成形。,http://finance.eastmoney.com/a/202609203879309966.html
2026-09-20 08:44:00,新浪财经·新京报,行业,生物医药,2026国际生物医药产业创新北京论坛全体大会召开,9月19日，2026国际生物医药产业创新北京论坛全体大会在北京经开区召开，主题为“汇聚全球创新，探究生命前沿”。会上北京公布12个新落地重点项目，其中8大项目落位经开区。同时公布的全市五大创新平台进展中4个在经开区，相关平台已服务数百家企业、医疗机构。目前经开区已集聚近5500家医药健康相关企业，力争2027年医药健康工业产值突破1200亿元。(AI生成),https://finance.sina.com.cn/jjxw/2026-09-20/doc-inisnnky6585130.shtml?from=pcsearch
2026-09-20 08:39:55,新浪财经·新民晚报新民网,行业,生物医药,上实资本管理规模达345亿元，生物医药与绿色科技双赛道并进,上实资本2026年度投资人大会日前在上海举行。会上，上海生物医药基金（二期）与上实绿色科技基金完成首关，上实医疗健康美元基金、沪港科创人民币基金、香港具身智能超级加速器项目集中签约...,https://cj.sina.com.cn/articles/view/1737737970/6793c6f202001tvuk?from=pcsearch
2026-09-20 08:04:35,东方财富·澎湃新闻,行业,生物医药,产业爆发前夜的脑机接口：水大鱼大浪也大 “有些企业会很挣扎”,在2026张江药谷大会暨上海国际生物医药产业周“脑机接口专场”上，与会投资人、临床专家与企业家指出，随着底层研发步入深水区、临床试验全面展开，脑机接口的应用场景和商业模式正受到考验，未能交出“答卷”者可能会受到资本和市场的惩罚。,http://finance.eastmoney.com/a/202609203879278157.html
2026-09-20 07:57:47,新浪财经·中国新闻网,行业,生物医药,徐州经开区重点项目投运 助力生物医药产业发展,中新网江苏新闻9月20日电(朱梓)近日，徐州经开区重点招商引资项目——徐州细胞医疗有限公司正式投入运营。项目落地填补了徐州经开区细胞产业领域的空白，为全市生物医药产业高质量发展注入强劲动能...,https://k.sina.com.cn/article_1784473157_6a5ce64502003ui8c.html?from=pcsearch
2026-09-20 07:53:38,新浪财经·中国新闻网,行业,医药,业界专家汇聚山东济南 为国内一流中医药大学建设献策,山东中医药大学19日在济南长清校区举办国内一流中医药大学建设与大健康产业高质量发展大会。业界专家围绕高校一流学科建设、中医药及中药材产业创新发展、中医生活化等议题展开研讨，为国内一流中医药大学建设与大健康产业高质量发展建言献策...,https://finance.sina.com.cn/roll/2026-09-20/doc-inisnhay9308036.shtml?from=pcsearch
2026-09-20 06:00:05,东方财富·上观新闻,行业,生物医药,“推背感”之后 脑机接口产业如何行稳致远 | 科创观察员,9月18日，2026张江药谷大会暨上海国际生物医药产业周脑机接口专场举行。这已是脑机接口连续第二年成为上海国际生物医药产业周的焦点议题。,http://finance.eastmoney.com/a/202609203879271868.html
2026-09-20 04:47:15,新浪财经·新闻眼,行业,医药,原来中医药可以这么“潮”！中医药特色成果点亮新疆医疗展,（来源：新疆工商联）9月18日，新疆医疗器械暨医院建设博览会、新疆药品及中医药大健康博览会在新疆国际会展中心盛大启幕。展会现场，传统中医药与数字科技深度融合，智能化诊疗设备、现代化康养方案、特色中成药品类集中亮相，吸引大批年轻观众驻足体验、打卡点赞，纷纷感叹传统中医药正焕发时尚新活力...,https://k.sina.com.cn/article_5953190046_162d6789e06703skj4.html?from=pcsearch
2026-09-20 04:41:26,新浪财经·实时速报,行业,医药,中国医药城一名“人才管家”的亲历,（来源：泰州高新发布）近年来，我区深耕党建引领人才发展之路，紧扣生物医药主导产业发展需求，持续优化人才生态、夯实人才支撑，以源源不断的人才活力赋能区域产业高质量发展、城市能级全方位跃升...,https://k.sina.com.cn/article_5952915720_162d2490806704v6uo.html?from=pcsearch
2026-09-20 04:27:27,新浪财经·市场资讯,行业,医药,中国医药城一名“人才管家”的亲历,泰州高新区深耕党建引领人才发展路径，紧扣生物医药主导产业需求优化人才生态，赋能区域产业与城市能级提升。以扬子江医疗的实践为缩影，当地通过完善政策配套、搭建三级梯度人才扶持体系，推动引才从“一将难求”转向“聚才易”。五年来园区建成多个国家级、省级重点人才载体，截至目前集聚就业人员超3.5万人，硕博占比超25%，累计引进海内外高层次人才4600余名，汇聚两院院士10名、国家级高端专家84名、省双创人才,https://finance.sina.com.cn/wm/2026-09-20/doc-inismzva9291439.shtml?from=pcsearch
2026-09-20 03:35:00,新浪财经·齐鲁晚报-齐鲁壹点,行业,医药,2026“扁鹊故里”中医药文化旅游体验周在济南启幕,齐鲁晚报·齐鲁壹点记者 石晟绮9月19日晚，2026“扁鹊故里”中医药文化旅游体验周在宏济堂中医药文化产业园正式启幕。开幕式当晚，中医药文化市集同步开市...,https://k.sina.com.cn/article_5328858693_13d9fee4502002ir9y.html?from=pcsearch
2026-09-20 01:56:00,新浪财经·投资界,行业,医药,上海国投累计投资生物医药超300亿元,作为产业周核心专场活动之一，9月19日下午，“资本聚势·生态共筑”上海国投生物医药产业生态大会举行，汇聚产业、投资及创新生态各界嘉宾，从产融协同视角共探生物医药产业前沿机遇...,https://finance.sina.com.cn/jjxw/2026-09-20/doc-inismvph6816407.shtml?from=pcsearch
2026-09-19 23:37:38,新浪财经·新京报,行业,生物医药,2026国际生物医药产业创新北京论坛全体大会举行，雷海潮、殷勇致辞,据北京日报消息，9月19日下午，以“汇聚全球创新，探究生命前沿”为主题的2026国际生物医药产业创新北京论坛举行全体大会。国家卫生健康委员会主任雷海潮，市委副书记、市长殷勇出席并致辞...,https://news.sina.com.cn/o/2026-09-20/doc-inismkxk9449280.shtml?from=pcsearch
2026-09-19 23:00:35,新浪财经·实时速报,行业,医药,中医药文化市集火热开市,9月19日，由吉林省中医药管理局主办，吉林省中医药科学院第一临床医院、长春市朝阳区红旗街道办事处承办的“岐黄传新韵 生活有良方”中医药文化市集，在长春欧亚新生活购物广场1号门前广场火热开市...,https://k.sina.com.cn/article_5952915720_162d2490806704v57i.html?from=pcsearch
2026-09-19 15:57:27,新浪财经·齐鲁晚报,行业,医药,果然视频|让中医药惠及更多人群，宏济堂十余种产品亮相中医药非遗市集,9月19日，2026中医药非物质文化遗产年会暨中医药非遗生活美学大会于济南宏济堂中医药文化产业园举办。为让千年中医药非遗实现可感、可触、可体验，大会打造沉浸式中医药非遗市集，供市民近距离感受中医药非遗独特魅力。作为东道主的宏济堂在市集展出数十种当家产品，多个摊位被市民围拢。(AI生成),https://finance.sina.com.cn/jjxw/2026-09-19/doc-inismzux1612612.shtml?from=pcsearch
2026-09-19 13:49:03,新浪财经·北京日报,行业,医药,北京加速打造世界级生物医药产业集群,9月19日，2026国际生物医药产业创新北京论坛全体大会在北京经开区召开。会上披露了今年新落地的12个医药健康产业重点项目，其中8个项目位于经开区，涵盖区域总部、战略新兴总部、研发与产业化基地等多种类型...,https://k.sina.com.cn/article_1893892941_70e2834d020023kvo.html?from=pcsearch
2026-09-19 12:47:57,新浪财经·中国新闻网,行业,医药,2026中医药文化国际传播交流会在蓉举行,中新网成都9月19日电(祝欢)19日，2026中医药文化国际传播交流会在成都中医药大学举行。来自各高校、科研机构、学术出版与行业组织的专家学者200余人，围绕中医药文化国际传播的区域国别研究、翻译与跨文化交流、多语种人才培养、全球健康治理等前沿议题展开深入研讨...,https://k.sina.com.cn/article_1784473157_6a5ce64502003ue4o.html?from=pcsearch
2026-09-19 12:26:47,新浪财经·中国新闻网,行业,医药,中医药业者、传承人等倡议加强中医药非遗特色诊疗平台建设,中新网济南9月19日电 2026中医药非物质文化遗产保护年会19日在济南举行，中国非物质文化遗产保护协会中医药专业委员会在现场发布《关于加强中医药非物质文化遗产特色诊疗平台建设的倡议》(以下简称“倡议”)...,https://k.sina.com.cn/article_1784473157_6a5ce64502003udyo.html?from=pcsearch
2026-09-19 11:15:00,新浪财经·羊城派,行业,医药,医药工业“十五五”规划点名AI制药，赛道加速卡位源头转化,9月18日，工业和信息化部等十部门联合印发《医药工业发展“十五五”规划》，首次将“AI制药高价值应用场景培育”列为九大专栏之一，明确重点开发应用AI赋能靶点筛选、药物分子设计与优化等应用场景...,https://t.cj.sina.com.cn/articles/view/5787187353/158f17899020028w3q?from=pcsearch
2026-09-19 09:39:12,新浪财经·中国新闻网,行业,医药,从“卖风景” 到“卖健康”  大别山天堂寨发力中医药森林康养,中新网六安9月19日电 (记者 张强)金秋九月，大别山腹地层林渐染、飞瀑流泉。记者19日走进位于安徽省金寨县的国家5A级旅游景区天堂寨，但见万顷原始林海间药香与桂香交织，一批中医药康养、森林疗愈新场景相继迎客，中秋、国庆“双节”文旅“菜单”同步出炉...,https://k.sina.com.cn/article_1784473157_6a5ce64502003udh8.html?from=pcsearch
2026-09-19 06:53:40,新浪财经·第一财经,行业,生物医药,上海国投在生物医药领域投资金额超300亿元,在2026 张江药谷大会暨生物医药产业周上海国投专场上，上海国投公司党委委员、副总裁陆雯介绍，上海国投公司聚焦三大先导产业和未来产业，在生物医药领域，...,https://finance.sina.com.cn/jjxw/2026-09-19/doc-inisiwvx2484133.shtml?from=pcsearch
2026-09-19 05:17:56,新浪财经·中国新闻网,行业,生物医药,生态做优服务提质 浙江聚力打造生物医药五千亿集群,中新网杭州9月19日电(蓝伊旎)据浙江省经信厅19日消息，浙江省政府办公厅印发的《关于促进生物医药产业高质量发展的指导意见》(下称指导意见)，将于2026年9月30日起施行...,https://cj.sina.com.cn/articles/view/1784473157/6a5ce64502003ucks?from=pcsearch
2026-09-19 03:11:46,新浪财经·看看新闻,行业,生物医药,张江药谷大会：生物医药转化基金助力“0到1”,为聚力打造世界级生物医药产业集群，持续深化产医融合创新生态建设，在2026张江药谷大会上，浦东新区一批新举措今天发布。内容涵盖产业法治保障完善、生物医药转化基金等内容，帮助企业打通研发的产品，从实验室走向产线的关键一公里，助力“0到1”的发展关键阶段...,https://finance.sina.com.cn/jjxw/2026-09-19/doc-inisinhc2671214.shtml?from=pcsearch
2026-09-19 00:29:00,新浪财经·齐鲁晚报-齐鲁壹点,行业,医药,“元御故里”中医药文化旅游体验周推出多项中医药体验活动,齐鲁晚报·齐鲁壹点 王佳潼9月18日，潍坊市人民政府新闻办公室召开2026山东（昌邑）“元御故里”中医药文化旅游体验周新闻发布会...,https://k.sina.com.cn/article_5328858693_13d9fee4502002iooi.html?from=pcsearch
2026-09-18 22:13:40,新浪财经·证券日报,行业,医药,推动生物医药产业加速成为国家新兴支柱产业,医药工业是关系国计民生和国家安全的战略性新兴产业，是培育新质生产力的重点领域和着力打造的新兴支柱产业。为推动医药工业高质量发展，9月18日，工业和信息化部等十部门联合发布《医药工业发展“十五五”规划》（以下简称《规划》）...,https://finance.sina.com.cn/jjxw/2026-09-19/doc-inishzsq7991462.shtml?from=pcsearch
2026-09-18 18:01:33,新浪财经·上海证券报,行业,生物医药,上海美迪西生物医药股份有限公司关于子公司诉讼进展的公告,重要内容提示：●  案件所处的诉讼阶段：本诉一审判决，反诉原告撤回反诉。●  上市公司所处的当事人地位：上海美迪西生物医药股份有限公司（以下简称“公司”）的全资子公司美迪西普亚医药科技（上海）有限公司（以下简称“子公司”）为本诉被告，反诉原告...,https://finance.sina.com.cn/roll/2026-09-19/doc-inishrat0202447.shtml?from=pcsearch
2026-09-18 17:45:00,东方财富·证券时报网,公司,易明医药,速看，最新筹码集中股找到了（附股）,000008 神州高铁 94802 -0.91 -5.14 机械设备 300066 三川智慧 57207 -0.86 -7.55 机械设备 300183 东软载波 28919 -0.85 1.30 通信 002666 德联集团 29058 -0.85 -2.80 基础化工 002826 易明医药,http://finance.eastmoney.com/a/202609183878692298.html
2026-09-18 16:33:00,东方财富·证券时报网,公司,易明医药,筹码连续集中股名单（附股）,6655 -1.03 4 10.59 8.52 002184 海得控制 39816 -1.01 4 1.46 -0.62 300212 *ST易录 45021 -0.93 4 -4.47 -6.55 000008 神州高铁 94802 -0.91 5 5.26 2.22 002826 易明医药,http://finance.eastmoney.com/a/202609183878637698.html
2026-09-18 16:21:59,新浪财经·证券日报之声,行业,医药,“10项预期性指标”重构医药工业发展逻辑,■张敏9月18日，工业和信息化部等十部门联合印发《医药工业发展“十五五”规划》（以下简称《规划》），围绕产业规模效益、创新发展、企业培育、集群建设等核心领域，明确10项预期性指标...,https://cj.sina.com.cn/articles/view/2311077472/89c03e6002002o5bu?from=pcsearch
2026-09-18 15:38:42,新浪财经·财联社APP,行业,生物医药,生物医药投融资回暖但“钱更挑” 交易重心向临床前转移,这意味着，跨国药企对中国资产的兴趣，正从“买成熟管线”转向“买早期科学能力”。合作范围延伸扩容 新兴市场打开增量资本的偏好变化，正在向产业端传导...,https://cj.sina.com.cn/articles/view/2868676035/aafc85c302001xlx6?from=pcsearch
2026-09-18 09:28:00,新浪财经·劳动报社,行业,生物医药,“八条举措”在上海国际生物医药产业周发布,为聚力打造世界级生物医药产业集群，进一步强化脑机接口产业布局，持续深化产医融合创新生态建设，9月18日下午，2026浦东新区张江药谷产业创新发展推介会举办...,https://k.sina.com.cn/article_2010666107_77d8547b02001jroe.html?from=pcsearch
2026-09-18 09:17:00,新浪财经·21世纪经济报道,行业,医药,探路太空制造，中科宇航谋划“航天+生物医药”拼图,21世纪经济报道记者 郑世凤随着商业航天产业的渐趋成熟，千行百业链接太空制造从而产出更具想象力的创新成果的愿景，正在从梦想一步步走向现实...,https://cj.sina.com.cn/articles/view/1651428902/626ece2602001jz00?from=pcsearch
2026-09-18 09:14:28,新浪财经·人民资讯,行业,医药,记者手记：走近痴迷中医药的中国新生代,本文转自：新华社金秋9月，成都中医药大学药用植物园内，一堂沉浸式本草认知实践课在这里展开：140多名护理学院研究生跟随老师辨识药用植物，将课本上的药材知识与实物一一印证...,https://k.sina.com.cn/article_7517400647_1c0126e4705909957c.html?from=pcsearch
2026-09-18 09:11:54,新浪财经·中国新闻网,行业,生物医药,“数转领航”首期启动 浦东生物医药企业进行“数转”新实践,中新网上海新闻9月18日电(郑莹莹)“数转领航”企业探访系列活动首期日前在沪举行。活动聚焦生物医药细分行业，组织相关行业代表走进相关企业，观摩数字技术与研发生产全流程的深度融合，直观感受中小企业数字化转型速度...,https://t.cj.sina.com.cn/articles/view/1784473157/6a5ce64502003uid8?from=pcsearch
2026-09-18 02:10:02,新浪财经·中国新闻网,行业,生物医药,智汇生物医药 长三角海归智库论坛在浙江温州举行,中新网温州9月18日电 (钱晨菲)17日，由长三角三省一市欧美同学会共同主办，温州医科大学、温州市欧美同学会承办的2026第五届长三角海归智库论坛在浙江温州开幕...,https://cj.sina.com.cn/articles/view/1784473157/6a5ce64502003u7qm?from=pcsearch
2026-09-17 17:44:00,东方财富·证券时报网,公司,易明医药,股东户数降幅榜：15股最新股东户数降逾一成,000008 神州高铁 94802 -0.91 -5.14 机械设备 300066 三川智慧 57207 -0.86 -8.15 机械设备 300183 东软载波 28919 -0.85 0.09 通信 002666 德联集团 29058 -0.85 -2.34 基础化工 002826 易明医药,http://finance.eastmoney.com/a/202609173877404731.html
2026-09-17 16:55:00,东方财富·证券时报网,公司,易明医药,58股股东户数连降 筹码持续集中,-1.17 9 -6.33 -3.38 002184 海得控制 39816 -1.01 4 1.04 -0.09 300212 *ST易录 45021 -0.93 4 -5.20 -6.33 000008 神州高铁 94802 -0.91 5 5.26 3.17 002826 易明医药,http://finance.eastmoney.com/a/202609173877363188.html
2026-09-17 13:42:00,新浪财经·红星新闻,行业,生物医药,打通成都生物医药“出海通道”，2026蓉港生物医药产业合作对话会在蓉举行,9月17日，以“蓉汇港澳 聚力同行”为主题的2026蓉港生物医药产业合作对话会在成都天府锦城实验室（前沿医学中心）举行。来自蓉港两地的政府部门、行业机构、生物医药企业、投资机构及高校院所代表齐聚一堂，围绕创新药、医疗器械、医疗服务等领域的注册、资本、落地与市场对接展开交流...,https://finance.sina.com.cn/tech/roll/2026-09-17/doc-inisczpx0383981.shtml?from=pcsearch
2026-09-17 12:51:16,新浪财经·上观新闻,行业,生物医药,汇聚全球创新资源，张江药谷大会暨上海国际生物医药产业周开幕,今天，2026张江药谷大会暨上海国际生物医药产业周在张江科学会堂开幕。本届大会以“AI驱动创新，打造全球健康共同体”为主题，旨在汇聚全球创新资源，共同构建开放协同的生物医药产业创新生态...,https://finance.sina.com.cn/tjhz/2026-09-17/doc-inisczpv3559745.shtml?from=pcsearch
2026-09-17 11:39:07,新浪财经·热点聚焦,行业,生物医药,共筑全球生物医药产业创新生态圈！2026张江药谷大会暨上海国际生物医药产业周开幕,国家药品监督管理局及市相关部门、头部医药企业、专业投资机构和产业园区负责人、科学家、临床专家等共同参加活动。开幕式上，“链接全球——上海—伦敦生命科学创新合作”启动...,https://k.sina.com.cn/article_5952915705_162d248f906703okfo.html?from=pcsearch
2026-09-17 11:28:25,新浪财经·热点综述,行业,生物医药,赛诺菲出席2026年上海国际生物医药产业周,随着中国日益成为全球医药创新的重要源头，开放合作正为中国科研成果走向世界创造更多可能。”赛诺菲执行副总裁兼疫苗业务全球负责人崔凯泽（Thomas Triomphe）发表主旨演讲双轨战略：让全球创新惠及中国，让中国创新走向世界“中国速度”与“中国规模”是此次演讲的核心观察...,https://t.cj.sina.com.cn/articles/view/5953466493/162dab07d06101g6qs?from=pcsearch
2026-09-16 19:35:04,东方财富·蓝鲸财经,公司,易明医药,私有化债务压顶！58系禁售期地板价清仓万物云涉嫌违规，姚劲波称“不知情”，9年获利22亿港元,2025年6月，姚劲波以6.62亿元收购A股上市公司易明医药23%股权，成为该公司实际控制人。公告发布后，易明医药股价从13.3元涨到23.63元，姚劲波亦浮盈近56%，当时市场普遍猜测该收购是为后续借壳上市铺路。 　　不过，这笔股权收购附带业绩承诺约束。,http://finance.eastmoney.com/a/202609163876203457.html
2026-09-16 16:54:00,东方财富·证券时报网,公司,易明医药,49股股东户数连降 筹码持续集中,-1.17 9 -7.17 -4.63 002184 海得控制 39816 -1.01 4 0.21 -1.34 300212 *ST易录 45021 -0.93 4 -4.72 -6.26 000008 神州高铁 94802 -0.91 5 5.26 2.75 002826 易明医药,http://finance.eastmoney.com/a/202609163876100651.html
2026-09-15 16:55:00,东方财富·证券时报网,公司,易明医药,速看，最新筹码集中股找到了（附股）,002807 江阴银行 46811 -0.94 4.19 银行 300212 *ST易录 45021 -0.93 5.00 计算机 300183 东软载波 28919 -0.85 2.51 通信 002666 德联集团 29058 -0.85 -5.14 基础化工 002826 易明医药,http://finance.eastmoney.com/a/202609153874744342.html
2026-09-15 16:35:00,东方财富·证券时报网,公司,易明医药,筹码连续集中股名单（附股）,-1.23 4 3.73 2.90 000785 居然智家 84901 -1.17 9 -5.91 -2.68 002184 海得控制 39816 -1.01 4 -0.73 -1.57 300212 *ST易录 45021 -0.93 4 -0.97 -1.80 002826 易明医药,http://finance.eastmoney.com/a/202609153874735282.html
2026-09-15 01:47:51,新浪财经·财中社,公司,002826,中银永利半年定期开放债券增聘新基金经理黄敏怡,中银永利半年定期开放债券（002826）发布公告，9月15日起增聘黄敏怡为新任基金经理...,https://finance.sina.com.cn/stock/zqgd/2026-09-15/doc-inirwmwe3682267.shtml?from=pcsearch
2026-09-15 01:01:02,新浪财经·证券之星官方微博,公司,易明医药,"易明医药：截至2026年9月10日股东数为16,894户",证券之星消息，易明医药(002826)09月14日在投资者关系平台上答复投资者关心的问题。投资者：请问贵公司截止9月10日最新股东户数是多少...,https://cj.sina.com.cn/articles/view/1850649324/6e4eaaec02002jei8?from=pcsearch
2026-09-14 16:54:00,东方财富·证券时报网,公司,易明医药,241家公司公布最新股东户数,002807 江阴银行 46811 -0.94 5.67 银行 300212 *ST易录 45021 -0.93 14.23 计算机 300183 东软载波 28919 -0.85 4.09 通信 002666 德联集团 29058 -0.85 -2.57 基础化工 002826 易明医药,http://finance.eastmoney.com/a/202609143873477742.html
2026-09-14 16:40:00,东方财富·证券时报网,公司,易明医药,28股股东户数连续下降 （附股）,10943 -1.33 3 -8.81 -6.76 300732 设研院 24137 -1.32 4 0.52 -0.87 002184 海得控制 39816 -1.01 4 1.15 -0.24 300212 *ST易录 45021 -0.93 4 7.74 6.35 002826 易明医药,http://finance.eastmoney.com/a/202609143873464846.html
2026-09-11 11:03:49,新浪财经·滚动播报,公司,易明医药,易明医药：完成回购394.42万股，成交价16.96元/股至18元/股,易明医药公告，公司此前拟使用不低于3500万元且不超过7000万元自有资金回购股份，回购价格不超过25.74元/股（含），用于股权激励或员工持股计划...,https://finance.sina.com.cn/7x24/2026-09-11/doc-inirnhry5663372.shtml?from=pcsearch
2026-09-10 16:51:00,东方财富·证券时报网,公司,易明医药,股东户数降幅榜：13股最新股东户数降逾一成,605296 神农集团 16686 -4.93 12.13 农林牧渔 002815 崇达技术 86184 -4.82 41.14 电子 000715 中兴商业 20000 -4.76 9.86 商贸零售 000831 中国稀土 142339 -4.51 -7.92 有色金属 002826 易明医药,http://finance.eastmoney.com/a/202609103870627538.html
2026-09-09 17:06:00,东方财富·证券时报网,公司,易明医药,759家公司公布最新股东户数,神农集团 16686 -4.93 16.70 农林牧渔 002815 崇达技术 86184 -4.82 39.68 电子 000715 中兴商业 20000 -4.76 12.19 商贸零售 000831 中国稀土 142339 -4.51 -6.19 有色金属 002826 易明医药,http://finance.eastmoney.com/a/202609093869383258.html
2026-09-08 16:58:00,东方财富·证券时报网,公司,易明医药,700家公司公布最新股东户数,神农集团 16686 -4.93 18.01 农林牧渔 002815 崇达技术 86184 -4.82 32.10 电子 000715 中兴商业 20000 -4.76 12.38 商贸零售 000831 中国稀土 142339 -4.51 -5.16 有色金属 002826 易明医药,http://finance.eastmoney.com/a/202609083868102265.html
2026-09-07 17:38:00,东方财富·证券时报网,公司,易明医药,速看，最新筹码集中股找到了（附股）,神农集团 16686 -4.93 19.89 农林牧渔 002815 崇达技术 86184 -4.82 23.82 电子 000715 中兴商业 20000 -4.76 11.80 商贸零售 000831 中国稀土 142339 -4.51 -3.68 有色金属 002826 易明医药,http://finance.eastmoney.com/a/202609073866779759.html
2026-09-07 12:06:00,东方财富·证券时报网,公司,易明医药,182只股中线走稳 站上半年线,到目前为止，今日有182只A股价格突破了半年线，其中乖离率较大的个股有则成电子、福立旺、思看科技等，乖离率分别为13.05%、10.49%、9.19%；超越科技、易明医药、凯淳股份等个股乖离率较小，刚刚站上半年线。,http://finance.eastmoney.com/a/202609073866527594.html
2026-09-05 08:51:32,东方财富·每日经济新闻,公司,易明医药,A股股票回购一览：10家公司披露回购进展,从回购实施进展来看，青鸟智控、易明医药、巍华新材回购金额最高，分别回购3.04亿元、3599.59万元、339.08万元。从已完成回购来看，汇通控股、赢合科技、四方股份分别回购4231.29万元、114.45万元、8.78万元。,http://finance.eastmoney.com/a/202609053865979716.html
2026-09-04 21:15:00,东方财富·证券日报,公司,易明医药,易明医药：截至9月3日公司累计回购股份2041045股,9月4日，易明医药发布公告称，截至2026年9月3日，公司累计通过回购专用证券账户以集中竞价交易方式回购公司股份2，041，045股，占公司目前总股本的1.0704%，其中，最高成交价为18.00元/股，最低成交价为16.96元/股，回购总金额为35，995，870.00元（不含交易费用,http://finance.eastmoney.com/a/202609043865671590.html
2026-09-04 18:12:00,东方财富·财中社,公司,易明医药,易明医药已回购204万股 金额3600万元,9月4日，易明医药（002826）发布公告，截至2026年9月3日已回购204万股，占公司总股本的1.0704%，回购总金额为3600万元，回购价格区间为16.96元/股至18元/股。 　　2026年中期，易明医药实现收入3.60亿元，归母净利润6668万元。,http://finance.eastmoney.com/a/202609043865524941.html
2026-09-04 17:56:06,东方财富·界面新闻,公司,易明医药,易明医药：回购公司股份比例达到1%,"易明医药9月4日公告，截至2026年9月3日，公司累计通过回购专用证券账户以集中竞价交易方式回购公司股份2,041,045股，占公司目前总股本的1.0704%，其中，最高成交价为18.00元/股，最低成交价为16.96元/股，回购总金额为35,995,870.00元（不含交易费用）",http://finance.eastmoney.com/a/202609043865512851.html
2026-09-04 13:15:50,新浪财经·证券日报之声,公司,易明医药,易明医药：截至9月3日公司累计回购股份2041045股,本次回购符合相关法律法规的要求，符合公司既定的回购方案...,https://cj.sina.com.cn/articles/view/2311077472/89c03e6002002nqa8?from=pcsearch
2026-09-04 10:05:34,新浪财经·财中社,公司,易明医药,易明医药已回购204万股 金额3600万元,9月4日，易明医药（002826）发布公告，截至2026年9月3日已回购204万股，占公司总股本的1.0704%，回购总金额为3600万元，回购价格区间为16.96元/股至18元/股...,https://cj.sina.com.cn/articles/view/7935425109/1d8fcfa5502001ktuy?from=pcsearch
2026-09-04 09:54:19,新浪财经·界面新闻,公司,易明医药,易明医药：回购公司股份比例达到1%,本次回购符合相关法律法规的要求，符合公司既定的回购方案...,https://finance.sina.com.cn/jjxw/2026-09-04/doc-iniqsenu6104121.shtml?from=pcsearch
2026-09-04 09:54:00,新浪财经·滚动播报,公司,易明医药,易明医药：累计回购股份比例达1.07% 达回购资金下限,易明医药公告称，公司拟使用3500万元-7000万元自有资金以集中竞价方式回购股份，用于股权激励或员工持股计划，回购价格不超过25.74元/股，回购期限为董事会审议通过回购方案之日起12个月内...,https://finance.sina.com.cn/7x24/2026-09-04/doc-iniqsenq4116389.shtml?from=pcsearch
2026-09-02 20:13:00,东方财富·证券日报,公司,易明医药,易明医药：截至8月31日公司累计回购股份1041800股,9月2日，易明医药发布公告称，截至2026年8月31日，公司通过回购专用证券账户以集中竞价交易方式累计回购公司股份1，041，800股，占公司目前总股本的0.5464%，其中，最高成交价为17.91元/股，最低成交价为16.96元/股，回购总金额为18，221，120.00元（不含交易费用,http://finance.eastmoney.com/a/202609023862968134.html
2026-09-02 16:52:00,东方财富·财中社,公司,易明医药,易明医药已回购104万股，耗资1822万元,9月2日，易明医药（002826）发布公告，截至2026年8月31日，公司已回购104万股，占总股本的0.5464%，回购总金额为1822万元，回购价格区间为16.96元/股至17.91元/股。 　　2026年中期，易明医药实现收入3.60亿元，归母净利润6668万元。,http://finance.eastmoney.com/a/202609023862811254.html
2026-09-02 12:13:00,新浪财经·证券日报,公司,易明医药,易明医药：截至8月31日公司累计回购股份1041800股,本次回购符合相关法律法规的要求，符合公司既定的回购方案。（文章来源：证券日报）...,https://finance.sina.com.cn/stock/relnews/cn/2026-09-02/doc-iniqmwqs1379459.shtml?from=pcsearch
2026-09-02 08:49:58,新浪财经·财中社,公司,易明医药,易明医药已回购104万股，耗资1822万元,9月2日，易明医药（002826）发布公告，截至2026年8月31日，公司已回购104万股，占总股本的0.5464%，回购总金额为1822万元，回购价格区间为16.96元/股至17.91元/股...,https://cj.sina.com.cn/articles/view/7935425109/1d8fcfa5502001ko86?from=pcsearch
2026-09-02 08:36:58,新浪财经·格隆汇,公司,易明医药,易明医药(002826.SZ)：累计回购104.18万股公司股份,格隆汇9月2日丨易明医药(002826.SZ)公布，截至2026年8月31日，公司累计通过回购专用证券账户以集中竞价交易方式回购公司股份104....,https://finance.sina.com.cn/stock/bxjj/2026-09-02/doc-iniqmshw2808686.shtml?from=pcsearch
2026-08-31 17:43:00,东方财富·证券时报网,公司,易明医药,股东户数降幅榜：17股最新股东户数降逾一成,300770 新媒股份 25225 -0.45 2.55 传媒 300119 瑞普生物 21960 -0.42 -5.88 农林牧渔 002797 第一创业 206877 -0.42 0.76 非银金融 002590 万安科技 37546 -0.41 5.53 汽车 002826 易明医药,http://finance.eastmoney.com/a/202608313860182762.html
2026-08-28 17:08:00,东方财富·证券时报网,公司,易明医药,筹码新动向：295股筹码趋向集中,300770 新媒股份 25225 -0.45 -1.19 传媒 300119 瑞普生物 21960 -0.42 -5.88 农林牧渔 002797 第一创业 206877 -0.42 -0.46 非银金融 002590 万安科技 37546 -0.41 1.88 汽车 002826 易明医药,http://finance.eastmoney.com/a/202608283858243380.html
2026-08-28 04:00:33,新浪财经·证券之星官方微博,公司,易明医药,"易明医药：截至2026年8月20日，本公司股东数为17,825户",证券之星消息，易明医药(002826)08月27日在投资者关系平台上答复投资者关心的问题。投资者：请问8月20日股东人数是多少...,https://cj.sina.com.cn/articles/view/1850649324/6e4eaaec02002i1ms?from=pcsearch
2026-08-27 09:11:05,东方财富·界面新闻,公司,易明医药,易明医药(002826.SZ)：2026年中报净利润为6667.97万元,2026年8月27日，易明医药(002826.SZ)发布2026年中报。 　　公司营业总收入为3.60亿元，在已披露的同业公司中排名第77。归母净利润为6667.97万元，在已披露的同业公司中排名第59。经营活动现金净流入为1.74亿元。,http://finance.eastmoney.com/a/202608273855793553.html
2026-08-27 07:39:00,东方财富·数据宝,公司,易明医药,早新闻｜002155重要收购，今日复牌,易明医药：上半年净利润6667.97万元，同比增长77.54%。 　　晋亿实业：上半年净利润同比增长76.82%，拟每10股派0.5元。 　　中远海特：上半年净利润13.71亿元，同比增长66.24%。 　　松霖科技：上半年净利润同比增长66.18%，拟每10股派2.8元。,http://finance.eastmoney.com/a/202608273855416740.html
2026-08-27 07:38:19,新浪财经·时代财经,公司,易明医药,易明医药2026年半年度营收3.6亿元，同比增长15.47%,时代财经AI快讯，8月27日，易明医药（002826.SZ）发布公告，2026年半年度营业收入3.6亿元，同比增长15.47%；归属于上市公司股东的净利润为6667....,https://cj.sina.com.cn/articles/view/6372873842/17bda567202001lo8g?from=pcsearch
2026-08-26 21:19:10,东方财富·北京商报,公司,易明医药,易明医药上半年实现归属净利润约6667.97万元，同比增长77.54%,据了解，易明医药具备完整的药品研发、生产与质量控制体系，主要聚焦糖尿病慢病、妇科、消化、镇痛领域。,http://finance.eastmoney.com/a/202608263855098712.html
2026-08-26 21:06:00,东方财富·证券时报网,公司,易明医药,公告精选：华虹宏力上半年净利润同比增长436.69%；格力电器上半年净利润同比下降7.87%,亿元同比增长99.16% 　　保隆科技：上半年净利润同比增长95.79% 拟10派3.8元 　　亨通光电：光通信业务大幅增长上半年净利润同比增长93.38% 　　华海药业：上半年净利润7.71亿元同比增长88.26% 　　华鑫股份：上半年净利润同比增长79.47% 拟10派0.69元 　　易明医药,http://finance.eastmoney.com/a/202608263855094980.html
2026-08-26 20:11:06,东方财富·央广财经,公司,易明医药,易明医药2026年上半年归母净利润达6667.97万元 同比增长77.54%,8月26日，易明医药（002826.SZ）披露2026年半年报，报告期内公司实现营业收入3.6亿元，同比增长15.47%；归属于上市公司股东的净利润6667.97万元，同比增长77.54%；基本每股收益0.36元。,http://finance.eastmoney.com/a/202608263855015357.html
2026-08-26 19:37:00,东方财富·证券日报,公司,易明医药,易明医药：第四届董事会第八次会议决议公告,8月26日，易明医药发布公告称，公司第四届董事会第八次会议审议通过《关于公司〈2026年半年度报告及其摘要〉的议案》《关于向2026年限制性股票激励计划激励对象预留授予限制性股票的议案》。,http://finance.eastmoney.com/a/202608263854950425.html
2026-08-26 19:35:00,东方财富·证券日报,公司,易明医药,易明医药：关于向2026年限制性股票激励计划激励对象预留授予限制性股票的公告,8月26日，易明医药发布关于向2026年限制性股票激励计划激励对象预留授予限制性股票的公告称，公司2026年限制性股票激励计划预留授予条件已满足。,http://finance.eastmoney.com/a/202608263854948866.html
2026-08-26 19:31:00,东方财富·证券日报,公司,易明医药,易明医药：2026年半年度归属于上市公司股东的净利润同比增长77.54%,8月26日，易明医药发布2026年半年度报告摘要称，公司2026年半年度实现营业收入359，623，665.20元，同比增长15.47%；归属于上市公司股东的净利润为66，679，694.56元，同比增长77.54%。,http://finance.eastmoney.com/a/202608263854935042.html
2026-08-26 19:14:04,东方财富·上海证券报·中国证券网,公司,易明医药,易明医药上半年净利润增长78% 市场准入取得突破,易明医药聚焦糖尿病慢病、妇科、消化、镇痛领域，核心产品米格列醇片（奥恬苹®）、红金消结片（美消丹®）、蒙脱石散（贝易平®）、醋氯芬酸肠溶片（维朴芬®）、多潘立酮片（维动啉®）均纳入国家医保目录。 　　报告期内，公司持续深耕自产产品，以“稳基础、争增长”为经营主线。,http://finance.eastmoney.com/a/202608263854846323.html
2026-08-26 17:28:00,东方财富·财中社,公司,易明医药,易明医药上半年归母净利润6668万元，同比增长77.5%,8月26日，易明医药(002826)公布2026年半年报，公司营业收入为3.6亿元，同比上升15.5%；归母净利润为6668万元，同比上升77.5%；扣非归母净利润为4164万元，同比上升66.4%；经营现金流净额为1.74亿元，同比增长178.5%；EPS(全面摊薄)为0.3497,http://finance.eastmoney.com/a/202608263854699754.html
2026-08-26 17:19:17,东方财富·每日经济新闻,公司,易明医药,易明医药：上半年净利润6667.97万元，同比增长77.54%,易明医药(002826)8月26日披露半年报，2026年上半年，公司实现营业收入3.6亿元，同比增长15.47%；归属于上市公司股东的净利润6667.97万元，同比增长77.54%；基本每股收益0.36元。,http://finance.eastmoney.com/a/202608263854680037.html
2026-08-26 16:59:00,东方财富·南方财经网,公司,易明医药,易明医药：2026年半年度净利润同比增长77.54% 每股收益0.36元,南财智讯8月26日电，易明医药于2026年8月发布2026年半年度报告摘要，2026年半年度实现营业收入3.60亿元，同比增长15.47%；归属于上市公司股东的净利润6667.97万元，同比增长77.54%；基本每股收益0.36元，同比增长80.00%。,http://finance.eastmoney.com/a/202608263854656730.html
2026-08-26 14:56:49,新浪财经·智通财经网,公司,易明医药,易明医药(002826.SZ)发布半年度业绩，归母净利润6667.97万元，同比上升77.54%,2026年上半年，公司实施双线并行的经营发展战略，统筹做好存量业务守护与增量业务开拓...,https://finance.sina.com.cn/stock/hkstock/ggscyd/2026-08-26/doc-inipsezp5979621.shtml?from=pcsearch
2026-08-26 13:23:00,新浪财经·滚动播报,公司,易明医药,易明医药上半年实现归属净利润约6667.97万元，同比增长77.54%,（来源：北京商报）北京商报讯（记者 董亮 王悦彤）8月26日晚间，易明医药（002826）发布2026年半年度报告显示，公司上半年实现归属净利润约6667.97万元，同比增长77.54%...,https://finance.sina.com.cn/jjxw/2026-08-26/doc-inipsezh0781094.shtml?from=pcsearch
2026-08-26 11:25:00,新浪财经·观点地产网,公司,易明医药,易明医药上半年营收3.6亿元 净利润同比增长77.54%,观点网讯：2026年8月26日，易明医药发布2026年上半年财报。报告期内，公司实现营业收入3.6亿元，同比增长15.47%...,https://finance.sina.com.cn/stock/estate/integration/2026-08-26/doc-iniprytr6017920.shtml?from=pcsearch
2026-08-26 11:14:00,新浪财经·上海证券报,公司,易明医药,易明医药上半年净利润增长78% 市场准入取得突破,易明医药聚焦糖尿病慢病、妇科、消化、镇痛领域，核心产品米格列醇片（奥恬苹®）、红金消结片（美消丹®）、蒙脱石散（贝易平®）、醋氯芬酸肠溶片（维朴芬®）、多潘立酮片（维动啉®）均纳入国家医保目录...,https://finance.sina.com.cn/roll/2026-08-26/doc-iniprytk0858406.shtml?from=pcsearch
2026-08-26 10:27:59,新浪财经·格隆汇,公司,易明医药,易明医药(002826.SZ)：上半年净利润6667.97万元 同比上升77.54%,格隆汇8月26日丨易明医药(002826.SZ)公布半年度报告，2026年上半年，公司继续贯彻董事会战略部署，坚守主业，持续深耕自产产品，以“稳基础、争增长”为经营主线...,https://finance.sina.com.cn/stock/bxjj/2026-08-26/doc-iniprytr5986197.shtml?from=pcsearch
2026-08-26 09:17:09,新浪财经·财中社,公司,易明医药,易明医药上半年归母净利润6668万元，同比增长77.5%,公司在2026年半年度报告中提到，核心产品米格列醇片在国家组织集采1-8批协议期满品种接续采购中成功中选，稳固了全国公立医疗机构的带量采购准入资格，这为产品销量的稳健增长奠定了政策基础...,https://cj.sina.com.cn/articles/view/7935425109/1d8fcfa5502001k3vm?from=pcsearch
2026-08-26 08:52:37,新浪财经·滚动播报,公司,易明医药,易明医药：2026年上半年净利润6667.97万元，同比增长77.54%,公司计划不派发现金红利，不送红股，不以公积金转增股本...,https://finance.sina.com.cn/7x24/2026-08-26/doc-iniprumq5537141.shtml?from=pcsearch
