日期,代码,简称,开盘价(元),收盘价(元),成交金额(元)
2024-06-01,002826,易明医药,,,
2024-06-02,002826,易明医药,,,
2024-06-03,002826,易明医药,8.92,8.72,41225039.0
2024-06-04,002826,易明医药,8.72,8.5,40571144.2
2024-06-05,002826,易明医药,8.47,8.21,31175909.0
2024-06-06,002826,易明医药,8.3,7.84,71980325.0
2024-06-07,002826,易明医药,7.95,8.35,51605177.0
2024-06-08,002826,易明医药,,,
2024-06-09,002826,易明医药,,,
2024-06-10,002826,易明医药,,,
2024-06-11,002826,易明医药,8.43,8.13,39387251.5
2024-06-12,002826,易明医药,8.12,8.37,25703749.0
2024-06-13,002826,易明医药,8.39,8.25,24782665.0
2024-06-14,002826,易明医药,8.25,8.17,25414729.0
2024-06-15,002826,易明医药,,,
2024-06-16,002826,易明医药,,,
2024-06-17,002826,易明医药,8.17,7.96,24213556.0
2024-06-18,002826,易明医药,8.0,8.05,22359186.0
2024-06-19,002826,易明医药,8.13,8.09,26680790.0
2024-06-20,002826,易明医药,8.05,7.82,32245236.0
2024-06-21,002826,易明医药,7.88,7.9,18022733.0
2024-06-22,002826,易明医药,,,
2024-06-23,002826,易明医药,,,
2024-06-24,002826,易明医药,7.85,7.5,31987424.73
2024-06-25,002826,易明医药,7.5,7.61,20974462.0
2024-06-26,002826,易明医药,7.52,7.9,21695864.26
2024-06-27,002826,易明医药,7.87,7.84,21094007.08
2024-06-28,002826,易明医药,7.88,7.93,22907716.0
2024-06-29,002826,易明医药,,,
2024-06-30,002826,易明医药,,,
2024-07-01,002826,易明医药,7.88,8.02,22630622.0
2024-07-02,002826,易明医药,8.02,8.14,23068286.0
2024-07-03,002826,易明医药,8.14,8.04,16060887.0
2024-07-04,002826,易明医药,8.04,7.65,23300668.0
2024-07-05,002826,易明医药,7.64,7.98,30268136.0
2024-07-06,002826,易明医药,,,
2024-07-07,002826,易明医药,,,
2024-07-08,002826,易明医药,7.98,7.76,28340857.0
2024-07-09,002826,易明医药,7.79,7.82,28278180.0
2024-07-10,002826,易明医药,7.81,7.71,19375061.0
2024-07-11,002826,易明医药,7.82,8.06,30793714.0
2024-07-12,002826,易明医药,8.06,8.1,26060433.0
2024-07-13,002826,易明医药,,,
2024-07-14,002826,易明医药,,,
2024-07-15,002826,易明医药,8.28,7.81,58442905.29
2024-07-16,002826,易明医药,7.87,7.78,27833395.0
2024-07-17,002826,易明医药,7.73,7.87,50912932.0
2024-07-18,002826,易明医药,7.83,8.01,40407154.0
2024-07-19,002826,易明医药,8.01,8.03,35034169.0
2024-07-20,002826,易明医药,,,
2024-07-21,002826,易明医药,,,
2024-07-22,002826,易明医药,8.03,8.26,42051136.0
2024-07-23,002826,易明医药,8.25,8.13,29492448.0
2024-07-24,002826,易明医药,8.07,7.99,23356189.0
2024-07-25,002826,易明医药,7.98,8.02,21847276.02
2024-07-26,002826,易明医药,8.03,8.18,25334417.03
2024-07-27,002826,易明医药,,,
2024-07-28,002826,易明医药,,,
2024-07-29,002826,易明医药,8.19,8.14,20800924.0
2024-07-30,002826,易明医药,8.13,8.06,29769289.0
2024-07-31,002826,易明医药,8.0,8.27,46687257.0
2024-08-01,002826,易明医药,8.27,8.42,41594142.0
2024-08-02,002826,易明医药,8.41,8.46,55247493.0
2024-08-03,002826,易明医药,,,
2024-08-04,002826,易明医药,,,
2024-08-05,002826,易明医药,8.45,8.25,47938939.0
2024-08-06,002826,易明医药,8.3,8.62,82366342.07
2024-08-07,002826,易明医药,8.6,8.54,46447899.28
2024-08-08,002826,易明医药,8.51,8.52,46957994.19
2024-08-09,002826,易明医药,8.6,8.45,34936727.0
2024-08-10,002826,易明医药,,,
2024-08-11,002826,易明医药,,,
2024-08-12,002826,易明医药,8.41,8.61,41728659.48
2024-08-13,002826,易明医药,8.59,8.71,42733290.0
2024-08-14,002826,易明医药,8.66,8.58,30350452.35
2024-08-15,002826,易明医药,8.53,8.59,30620226.0
2024-08-16,002826,易明医药,8.56,8.54,39440937.0
2024-08-17,002826,易明医药,,,
2024-08-18,002826,易明医药,,,
2024-08-19,002826,易明医药,8.47,8.29,44046111.0
2024-08-20,002826,易明医药,8.33,8.04,37034421.68
2024-08-21,002826,易明医药,8.0,8.02,22580971.0
2024-08-22,002826,易明医药,8.02,7.88,20556209.4
2024-08-23,002826,易明医药,7.88,7.7,20799533.0
2024-08-24,002826,易明医药,,,
2024-08-25,002826,易明医药,,,
2024-08-26,002826,易明医药,7.7,7.88,20375851.0
2024-08-27,002826,易明医药,7.88,7.91,23616823.0
2024-08-28,002826,易明医药,7.88,8.03,23962355.0
2024-08-29,002826,易明医药,8.0,8.06,23594083.0
2024-08-30,002826,易明医药,8.08,8.24,30766616.0
2024-08-31,002826,易明医药,,,
2024-09-01,002826,易明医药,,,
2024-09-02,002826,易明医药,8.21,8.08,25186457.0
2024-09-03,002826,易明医药,8.2,8.05,22702485.0
2024-09-04,002826,易明医药,8.0,7.95,21295103.0
2024-09-05,002826,易明医药,7.96,8.21,27855188.0
2024-09-06,002826,易明医药,8.18,8.06,24030645.0
2024-09-07,002826,易明医药,,,
2024-09-08,002826,易明医药,,,
2024-09-09,002826,易明医药,8.01,8.1,22282358.0
2024-09-10,002826,易明医药,8.12,8.09,21249699.0
2024-09-11,002826,易明医药,8.03,7.99,17631865.0
2024-09-12,002826,易明医药,8.02,7.95,15208091.0
2024-09-13,002826,易明医药,7.95,7.81,17399985.0
2024-09-14,002826,易明医药,,,
2024-09-15,002826,易明医药,,,
2024-09-16,002826,易明医药,,,
2024-09-17,002826,易明医药,,,
2024-09-18,002826,易明医药,7.81,7.57,24262988.0
2024-09-19,002826,易明医药,7.66,7.85,24577217.0
2024-09-20,002826,易明医药,7.84,7.66,21784699.0
2024-09-21,002826,易明医药,,,
2024-09-22,002826,易明医药,,,
2024-09-23,002826,易明医药,7.62,7.73,14607692.0
2024-09-24,002826,易明医药,7.81,7.92,24170150.0
2024-09-25,002826,易明医药,8.0,8.08,32300446.0
2024-09-26,002826,易明医药,8.05,8.24,28555119.0
2024-09-27,002826,易明医药,8.32,8.51,52246266.12
2024-09-28,002826,易明医药,,,
2024-09-29,002826,易明医药,,,
2024-09-30,002826,易明医药,8.8,9.17,99304128.74
2024-10-01,002826,易明医药,,,
2024-10-02,002826,易明医药,,,
2024-10-03,002826,易明医药,,,
2024-10-04,002826,易明医药,,,
2024-10-05,002826,易明医药,,,
2024-10-06,002826,易明医药,,,
2024-10-07,002826,易明医药,,,
2024-10-08,002826,易明医药,10.04,9.66,147325463.5
2024-10-09,002826,易明医药,9.59,8.72,103770869.72
2024-10-10,002826,易明医药,8.72,8.9,58679101.0
2024-10-11,002826,易明医药,8.9,8.69,48359340.0
2024-10-12,002826,易明医药,,,
2024-10-13,002826,易明医药,,,
2024-10-14,002826,易明医药,8.72,8.97,45080079.0
2024-10-15,002826,易明医药,8.98,8.81,29439000.0
2024-10-16,002826,易明医药,8.74,9.02,52795431.08
2024-10-17,002826,易明医药,9.06,8.9,49841905.0
2024-10-18,002826,易明医药,8.84,9.0,55187615.75
2024-10-19,002826,易明医药,,,
2024-10-20,002826,易明医药,,,
2024-10-21,002826,易明医药,9.04,9.11,63724560.45
2024-10-22,002826,易明医药,9.11,9.4,74753825.12
2024-10-23,002826,易明医药,9.39,9.31,58107495.0
2024-10-24,002826,易明医药,9.26,9.36,45811172.0
2024-10-25,002826,易明医药,9.35,9.55,77749166.0
2024-10-26,002826,易明医药,,,
2024-10-27,002826,易明医药,,,
2024-10-28,002826,易明医药,9.57,10.28,133583270.58
2024-10-29,002826,易明医药,10.18,9.81,112972407.5
2024-10-30,002826,易明医药,9.75,9.57,65708924.3
2024-10-31,002826,易明医药,9.64,9.79,78608336.46
2024-11-01,002826,易明医药,9.79,9.21,74164472.12
2024-11-02,002826,易明医药,,,
2024-11-03,002826,易明医药,,,
2024-11-04,002826,易明医药,9.33,9.43,51326500.0
2024-11-05,002826,易明医药,9.46,9.67,61254897.94
2024-11-06,002826,易明医药,9.68,9.78,69701407.0
2024-11-07,002826,易明医药,9.74,10.32,100304499.7
2024-11-08,002826,易明医药,10.35,11.35,134889110.55
2024-11-09,002826,易明医药,,,
2024-11-10,002826,易明医药,,,
2024-11-11,002826,易明医药,11.25,11.5,278472026.71
2024-11-12,002826,易明医药,11.42,11.64,215957369.5
2024-11-13,002826,易明医药,11.52,11.35,131896159.0
2024-11-14,002826,易明医药,11.36,11.06,89487229.25
2024-11-15,002826,易明医药,11.06,10.83,73755548.0
2024-11-16,002826,易明医药,,,
2024-11-17,002826,易明医药,,,
2024-11-18,002826,易明医药,10.95,10.45,64321287.0
2024-11-19,002826,易明医药,10.45,10.62,51767101.05
2024-11-20,002826,易明医药,10.59,11.02,69471963.0
2024-11-21,002826,易明医药,11.04,11.26,65062223.2
2024-11-22,002826,易明医药,11.17,11.05,65083001.0
2024-11-23,002826,易明医药,,,
2024-11-24,002826,易明医药,,,
2024-11-25,002826,易明医药,11.15,11.47,85564906.0
2024-11-26,002826,易明医药,11.57,12.18,280286959.49
2024-11-27,002826,易明医药,11.91,11.7,162622989.0
2024-11-28,002826,易明医药,11.7,11.79,77153064.2
2024-11-29,002826,易明医药,11.71,11.63,61371305.0
2024-11-30,002826,易明医药,,,
2024-12-01,002826,易明医药,,,
2024-12-02,002826,易明医药,11.61,11.72,40812250.0
2024-12-03,002826,易明医药,11.76,12.02,79721760.0
2024-12-04,002826,易明医药,11.96,12.05,71025321.0
2024-12-05,002826,易明医药,11.95,12.12,52271066.0
2024-12-06,002826,易明医药,12.12,11.54,109844745.0
2024-12-07,002826,易明医药,,,
2024-12-08,002826,易明医药,,,
2024-12-09,002826,易明医药,11.81,12.69,264465096.52
2024-12-10,002826,易明医药,12.8,12.38,292996654.56
2024-12-11,002826,易明医药,12.48,13.3,419944475.34
2024-12-12,002826,易明医药,13.32,12.96,249416595.34
2024-12-13,002826,易明医药,12.96,12.71,93524122.4
2024-12-14,002826,易明医药,,,
2024-12-15,002826,易明医药,,,
2024-12-16,002826,易明医药,12.97,12.81,100413612.52
2024-12-17,002826,易明医药,12.92,12.15,105441047.07
2024-12-18,002826,易明医药,12.27,12.24,77899300.97
2024-12-19,002826,易明医药,12.17,12.0,44892670.85
2024-12-20,002826,易明医药,11.97,12.24,37165893.0
2024-12-21,002826,易明医药,,,
2024-12-22,002826,易明医药,,,
2024-12-23,002826,易明医药,12.23,11.39,87141366.38
2024-12-24,002826,易明医药,11.35,11.28,48161344.43
2024-12-25,002826,易明医药,11.23,10.42,89208973.56
2024-12-26,002826,易明医药,10.43,10.53,53040331.23
2024-12-27,002826,易明医药,10.53,10.75,39183347.78
2024-12-28,002826,易明医药,,,
2024-12-29,002826,易明医药,,,
2024-12-30,002826,易明医药,10.7,10.68,47937167.0
2024-12-31,002826,易明医药,10.68,10.36,43624103.5
2025-01-01,002826,易明医药,,,
2025-01-02,002826,易明医药,10.4,10.46,53704511.28
2025-01-03,002826,易明医药,10.47,10.02,54632592.23
2025-01-04,002826,易明医药,,,
2025-01-05,002826,易明医药,,,
2025-01-06,002826,易明医药,9.96,9.9,44489542.0
2025-01-07,002826,易明医药,9.95,10.12,44588353.0
2025-01-08,002826,易明医药,10.17,9.97,39555396.0
2025-01-09,002826,易明医药,9.9,9.96,28237227.07
2025-01-10,002826,易明医药,10.0,9.72,31923486.0
2025-01-11,002826,易明医药,,,
2025-01-12,002826,易明医药,,,
2025-01-13,002826,易明医药,9.68,9.74,25999182.0
2025-01-14,002826,易明医药,9.79,10.71,73235890.56
2025-01-15,002826,易明医药,10.77,10.43,70632550.01
2025-01-16,002826,易明医药,10.53,10.93,69460202.73
2025-01-17,002826,易明医药,10.91,10.73,51500297.0
2025-01-18,002826,易明医药,,,
2025-01-19,002826,易明医药,,,
2025-01-20,002826,易明医药,10.94,11.3,81321033.52
2025-01-21,002826,易明医药,11.31,11.34,54606889.0
2025-01-22,002826,易明医药,11.3,10.97,51710290.48
2025-01-23,002826,易明医药,11.17,10.97,34494670.8
2025-01-24,002826,易明医药,10.99,10.97,29183725.5
2025-01-25,002826,易明医药,,,
2025-01-26,002826,易明医药,,,
2025-01-27,002826,易明医药,11.03,11.04,39021923.24
2025-01-28,002826,易明医药,,,
2025-01-29,002826,易明医药,,,
2025-01-30,002826,易明医药,,,
2025-01-31,002826,易明医药,,,
2025-02-01,002826,易明医药,,,
2025-02-02,002826,易明医药,,,
2025-02-03,002826,易明医药,,,
2025-02-04,002826,易明医药,,,
2025-02-05,002826,易明医药,11.23,11.38,51472452.9
2025-02-06,002826,易明医药,11.33,11.27,41219873.0
2025-02-07,002826,易明医药,11.35,11.13,59027579.1
2025-02-08,002826,易明医药,,,
2025-02-09,002826,易明医药,,,
2025-02-10,002826,易明医药,11.11,11.33,46077248.0
2025-02-11,002826,易明医药,11.29,11.34,33508068.0
2025-02-12,002826,易明医药,11.35,11.31,33398814.0
2025-02-13,002826,易明医药,11.35,11.27,69358454.75
2025-02-14,002826,易明医药,11.26,11.02,58780130.0
2025-02-15,002826,易明医药,,,
2025-02-16,002826,易明医药,,,
2025-02-17,002826,易明医药,11.1,11.12,59489967.0
2025-02-18,002826,易明医药,11.13,10.79,38116327.0
2025-02-19,002826,易明医药,10.81,10.86,38266877.0
2025-02-20,002826,易明医药,10.82,10.96,43440939.0
2025-02-21,002826,易明医药,10.96,10.69,67809142.57
2025-02-22,002826,易明医药,,,
2025-02-23,002826,易明医药,,,
2025-02-24,002826,易明医药,10.58,10.69,73439476.03
2025-02-25,002826,易明医药,10.68,10.58,56375382.0
2025-02-26,002826,易明医药,10.64,10.55,39528761.0
2025-02-27,002826,易明医药,10.55,10.41,77493496.38
2025-02-28,002826,易明医药,10.42,10.18,43104659.36
2025-03-01,002826,易明医药,,,
2025-03-02,002826,易明医药,,,
2025-03-03,002826,易明医药,10.32,10.67,103641832.14
2025-03-04,002826,易明医药,10.7,10.75,55873876.0
2025-03-05,002826,易明医药,10.78,10.46,44283378.0
2025-03-06,002826,易明医药,10.57,10.57,37255124.0
2025-03-07,002826,易明医药,10.59,10.31,35177527.0
2025-03-08,002826,易明医药,,,
2025-03-09,002826,易明医药,,,
2025-03-10,002826,易明医药,10.29,10.44,45159646.88
2025-03-11,002826,易明医药,10.39,10.39,31369897.0
2025-03-12,002826,易明医药,10.39,10.63,59963367.88
2025-03-13,002826,易明医药,10.65,10.38,42162317.0
2025-03-14,002826,易明医药,10.39,11.0,99308692.78
2025-03-15,002826,易明医药,,,
2025-03-16,002826,易明医药,,,
2025-03-17,002826,易明医药,11.0,11.13,64791241.75
2025-03-18,002826,易明医药,11.2,11.22,47330818.75
2025-03-19,002826,易明医药,11.16,11.17,38461702.0
2025-03-20,002826,易明医药,11.17,11.13,40593990.0
2025-03-21,002826,易明医药,11.1,10.99,65371347.0
2025-03-22,002826,易明医药,,,
2025-03-23,002826,易明医药,,,
2025-03-24,002826,易明医药,10.93,10.54,68308248.0
2025-03-25,002826,易明医药,10.56,10.7,48628445.0
2025-03-26,002826,易明医药,10.77,11.05,62299780.0
2025-03-27,002826,易明医药,10.98,11.05,47627616.0
2025-03-28,002826,易明医药,11.0,11.01,43753176.0
2025-03-29,002826,易明医药,,,
2025-03-30,002826,易明医药,,,
2025-03-31,002826,易明医药,10.92,10.77,48202659.0
2025-04-01,002826,易明医药,10.77,11.16,93643189.0
2025-04-02,002826,易明医药,11.17,11.18,50481527.0
2025-04-03,002826,易明医药,11.05,11.14,47988424.0
2025-04-04,002826,易明医药,,,
2025-04-05,002826,易明医药,,,
2025-04-06,002826,易明医药,,,
2025-04-07,002826,易明医药,10.7,10.03,48980858.0
2025-04-08,002826,易明医药,10.0,9.04,105318136.0
2025-04-09,002826,易明医药,8.92,9.41,84628386.06
2025-04-10,002826,易明医药,9.57,9.87,68384019.12
2025-04-11,002826,易明医药,9.83,9.94,33724215.0
2025-04-12,002826,易明医药,,,
2025-04-13,002826,易明医药,,,
2025-04-14,002826,易明医药,10.05,10.36,43614903.0
2025-04-15,002826,易明医药,10.32,10.37,30991177.0
2025-04-16,002826,易明医药,10.32,10.11,33876988.0
2025-04-17,002826,易明医药,10.15,10.19,21972631.1
2025-04-18,002826,易明医药,10.18,10.23,23808120.0
2025-04-19,002826,易明医药,,,
2025-04-20,002826,易明医药,,,
2025-04-21,002826,易明医药,10.22,10.57,40074135.0
2025-04-22,002826,易明医药,10.55,10.62,26082484.0
2025-04-23,002826,易明医药,10.67,10.64,29380332.0
2025-04-24,002826,易明医药,10.64,10.63,23550716.0
2025-04-25,002826,易明医药,10.63,10.55,36892728.0
2025-04-26,002826,易明医药,,,
2025-04-27,002826,易明医药,,,
2025-04-28,002826,易明医药,10.48,10.44,40424327.2
2025-04-29,002826,易明医药,10.41,10.55,34299887.0
2025-04-30,002826,易明医药,10.65,10.62,31014117.0
2025-05-01,002826,易明医药,,,
2025-05-02,002826,易明医药,,,
2025-05-03,002826,易明医药,,,
2025-05-04,002826,易明医药,,,
2025-05-05,002826,易明医药,,,
2025-05-06,002826,易明医药,10.8,10.78,35549156.0
2025-05-07,002826,易明医药,10.84,11.86,170850607.56
2025-05-08,002826,易明医药,11.8,11.39,338715279.78
2025-05-09,002826,易明医药,11.39,11.3,161278398.0
2025-05-10,002826,易明医药,,,
2025-05-11,002826,易明医药,,,
2025-05-12,002826,易明医药,11.55,11.83,297760035.06
2025-05-13,002826,易明医药,11.9,12.01,280828998.96
2025-05-14,002826,易明医药,11.89,11.6,136954406.17
2025-05-15,002826,易明医药,11.59,11.55,75755386.68
2025-05-16,002826,易明医药,11.5,11.59,76847014.38
2025-05-17,002826,易明医药,,,
2025-05-18,002826,易明医药,,,
2025-05-19,002826,易明医药,11.7,11.67,75877588.06
2025-05-20,002826,易明医药,11.67,11.66,63257311.0
2025-05-21,002826,易明医药,11.64,11.65,55891660.85
2025-05-22,002826,易明医药,11.6,11.68,77938804.0
2025-05-23,002826,易明医药,11.68,11.88,169485997.32
2025-05-24,002826,易明医药,,,
2025-05-25,002826,易明医药,,,
2025-05-26,002826,易明医药,11.73,12.18,153315773.76
2025-05-27,002826,易明医药,,,
2025-05-28,002826,易明医药,,,
2025-05-29,002826,易明医药,,,
2025-05-30,002826,易明医药,,,
2025-05-31,002826,易明医药,,,
